{"rmse": 76.61686885281243, "mse": 5870.14459280906, "r2": 0.5905706985008856}