{"rmse": 84.67302028164964, "mse": 7169.5203636166525, "r2": 0.4382671339720432}